id,file_name_ja,track_ja,file_name_en,track_en,category_id
1,sound_track_ja_001.mp3,事前に予約をされていますか？,sound_track_en_001.mp3,Do you have a reservation?,1
2,sound_track_ja_002.mp3,お名前か予約番号をお伺いできますか？,sound_track_en_002.mp3,"May I have your name or reservation number, please?",1
3,sound_track_ja_003.mp3,車の大きさはどのくらいがよろしいでしょうか？,sound_track_en_003.mp3,Which size of the car would you like to rent?,1
4,sound_track_ja_004.mp3,お荷物の大きさはどのくらいですか？大きすぎると積み込めない可能性があります。,sound_track_en_004.mp3,"How large is your luggage?If they're too large, they can't be loaded.",1
5,sound_track_ja_005.mp3,実際に車を確認していただけますか？,sound_track_en_005.mp3,Could you check the car actually?,1
6,sound_track_ja_006.mp3,車両のご用意が可能かどうかお調べいたしますので少々お待ちください。,sound_track_en_006.mp3,"We'll check if we can offer the vehicle, so please wait a minutes.",1
7,sound_track_ja_007.mp3,車種が替わりますので、お支払い金額も変わります。,sound_track_en_007.mp3,Amount of payment will be change because you have changed the type of vehicle.,1
8,sound_track_ja_008.mp3,ドライブの目的地はどちらですか？,sound_track_en_008.mp3,Where is your destination of your driving?,1
9,sound_track_ja_009.mp3,何日ほど借りられるご予定でしょうか？,sound_track_en_009.mp3,How long are you going to rent the car?,1
10,sound_track_ja_010.mp3,禁煙車と喫煙車はどちらをご希望されますか？,sound_track_en_010.mp3,Would you like to smoking or no smoking car?,1
11,sound_track_ja_011.mp3,どちらの店舗で返却されるご予定でしょうか？,sound_track_en_011.mp3,Where are you going to return the car?,1
12,sound_track_ja_012.mp3,営業時間外の返却はできますか？,sound_track_en_012.mp3,Can I return the car outside office hours?,1
13,sound_track_ja_013.mp3,あいにく対応はできません。,sound_track_en_013.mp3,"We're sorry, but you can't do it.",1
14,sound_track_ja_014.mp3,検索時のリストと地図は日本語で表記されます。,sound_track_en_014.mp3,"When you set destination,the list and map are written by Japanese.",1
15,sound_track_ja_015.mp3,ナビの音声・ナビ表記は英語・中国語・韓国語に切り替えられます。,sound_track_en_015.mp3,"We can change the guidance system and map into English, Chinese or Korean. ",1
16,sound_track_ja_016.mp3,備品の提供ができますがご必要でしょうか？,sound_track_en_016.mp3,We can offer you optional equipment. Would you like to need them?,2
17,sound_track_ja_017.mp3,タイヤチェーンは1貸出あたり税込み1620円です。,sound_track_en_017.mp3,The rental fee of tire chain is 1620 yen with tax per vehicle.,2
18,sound_track_ja_018.mp3,スタッドレスタイヤは1日あたり税込み1620円です。,sound_track_en_018.mp3,The rental fee of snow tires is 1620 yen with tax per one day.,2
19,sound_track_ja_019.mp3,一部の地域と車種はスタッドレスタイヤの取り扱いがありません。,sound_track_en_019.mp3,"Some type of car and in some area,we can't offer snow tires.　",2
20,sound_track_ja_020.mp3,チャイルドシートは1日あたり税込み540円です。,sound_track_en_020.mp3,The rental fee of child safety seat is 540 yen with tax per one day.,2
21,sound_track_ja_021.mp3,シートレンタル代の上限は1台につき1080円です。,sound_track_en_021.mp3,The rental fee of child safety seats are limited to 1080 yen per one seat.,2
22,sound_track_ja_022.mp3,チャイルドシートはどの位置に取り付けたらいいですか？,sound_track_en_022.mp3,Where should I put the child safety seat?,2
23,sound_track_ja_023.mp3,お子様の身長・体重を教えてください。,sound_track_en_023.mp3,Please let me know the height and weight of your children.,2
24,sound_track_ja_024.mp3,法律上、6歳未満の子どもは必ずチャイルドシートが義務化されています。,sound_track_en_024.mp3,A child under the age of six must be seated in child seat according a law.,2
25,sound_track_ja_025.mp3,ケージに入れた犬・猫に限り、特定の車種に同乗することができます。,sound_track_en_025.mp3,Only dogs and cats in the cage can ride a specified vehicle.,2
26,sound_track_ja_026.mp3,同乗料金として、1貸し出しあたり540円をお支払いください。,sound_track_en_026.mp3,Please pay 540 yen per one rental as fee of riding with pets.,2
27,sound_track_ja_027.mp3,Tocoo!で予約したWi-Fi、ETC・SIMカードは、お客様が指定した郵便局、または宿泊施設に発送されます。,sound_track_en_027.mp3,"Wi-Fi,ETC.SIM card reserved through ToCoo! are delivered to appointed post office or accommodation.",3
28,sound_track_ja_028.mp3,Tocoo!から届いたメールに記載されている発送先住所をご確認ください。,sound_track_en_028.mp3,Please check your registered E-mail inbox for delivery notification to confirm delivery address.,3
29,sound_track_ja_029.mp3,お問い合わせがある方は、お客様ご自身で直接Tocoo!に問い合わせてください。,sound_track_en_029.mp3,"If you have any questions, please contact to ToCoo! directly by yourself.",3
30,sound_track_ja_030.mp3,当店ではSIMカードの販売を行なっております。（おりません）,sound_track_en_030.mp3,You can (not) buy SIM card at this outlet.,3
31,sound_track_ja_031.mp3,購入前にお客様ご自身で適用条件を十分にご確認ください。,sound_track_en_031.mp3,Please make sure applicable condition carefully by yourself before purchase.,3
32,sound_track_ja_032.mp3,パッケージ開封後の返品交換はいたしません。,sound_track_en_032.mp3,Any return or exchange won't be accepted after the package has been opened.,3
33,sound_track_ja_033.mp3,当店はETCカードの貸出を行なっており、レンタル代として324円お支払いください。,sound_track_en_033.mp3,We can lend an ETC card and please pay 324 yen as rental fee.,3
34,sound_track_ja_034.mp3,乗り捨てをご希望の場合、ETCカードの貸し出しはできません。,sound_track_en_034.mp3,"If you want to drop off the vehicle, we can't lend an ETC card for you.",3
35,sound_track_ja_035.mp3,ETCカードを借りた場合、出発した店舗へ必ず返却してください。,sound_track_en_035.mp3,"If you rent an ETC card, you must return to same outlet you've started.",3
36,sound_track_ja_036.mp3,高速道路の利用料金は返却時にお支払いください。,sound_track_en_036.mp3,Please pay the toll charge when you return to the outlet.,3
37,sound_track_ja_037.mp3,申し訳ありませんがご希望の備品はご用意できません。,sound_track_en_037.mp3,"We're sorry, but we can't offer optional equipment.",3
38,sound_track_ja_038.mp3,補償料込みでこちらのお値段ですが、よろしいでしょうか？,sound_track_en_038.mp3,All car insurances are included in this fee. Is this all right with you?,3
39,sound_track_ja_039.mp3,国際免許証とパスポートの提示をお願いします。,sound_track_en_039.mp3,May I see your international driving permit and your passport?,4
40,sound_track_ja_040.mp3,運転免許証とパスポート、日本語の翻訳文の提示をお願いします。,sound_track_en_040.mp3,"May I see your driver's license, passport and the Japanese translation?",4
41,sound_track_ja_041.mp3,あなたは日本で車を運転することができません。,sound_track_en_041.mp3,You are not allowed to drive a car in Japan.,4
42,sound_track_ja_042.mp3,ウィーン条約加盟国発行の運転免許証だからです。,sound_track_en_042.mp3,Because your international driving permit is issued by the Vienna convention.,4
43,sound_track_ja_043.mp3,日本語の翻訳文をお持ちでないためです。,sound_track_en_043.mp3,"Because your driver's license requires the Japanese translation, but you don't have it.",4
44,sound_track_ja_044.mp3,日本語の翻訳文はどこで手に入りますか？,sound_track_en_044.mp3,Where can I get the Japanese translation?,4
45,sound_track_ja_045.mp3,JAF・各国の在日大使館・領事館で発行できます。,sound_track_en_045.mp3,"You can get it at each country's embassy/consulate in Japan, or JAF.",4
46,sound_track_ja_046.mp3,運転免許証の有効期限が切れているためです。,sound_track_en_046.mp3,Because your driver's license has expired.,4
47,sound_track_ja_047.mp3,あなたは10名乗りの車両は運転できません。,sound_track_en_047.mp3,You're not allowed to drive a 10-seater vehicle.,4
48,sound_track_ja_048.mp3,国際免許証に正しい『Ｄ』のスタンプが押されていないためです。,sound_track_en_048.mp3,Because you don't have the stamp in category D in your international driving permit.,4
49,sound_track_ja_049.mp3,入国してから1年以上経過しているためです。,sound_track_en_049.mp3,Because you have been in Japan more than one year from your date of entry.,4
50,sound_track_ja_050.mp3,あなたの運転免許証は日本での運転が許可されていないためです。,sound_track_en_050.mp3,Because your driver's license is not valid in Japan.,4
51,sound_track_ja_051.mp3,日本へのご旅行ですか？,sound_track_en_051.mp3,Are you a visitor of Japan?,4
52,sound_track_ja_052.mp3,免許証はコピーをいただいておりますがよろしいでしょうか？,sound_track_en_052.mp3,May I take a copy of your driver's license?,4
53,sound_track_ja_053.mp3,私以外の人が運転することは可能ですか？,sound_track_en_053.mp3,Is it possible other persons drive a car besides me? ,4
54,sound_track_ja_054.mp3,運転は可能ですが、事前に免許証の内容を教えてください。,sound_track_en_054.mp3,"Yes, but please let me know information of driving license in advance.",4
55,sound_track_ja_055.mp3,名前の発音を教えてください。,sound_track_en_055.mp3,Please let me know the pronunciation of your name.,4
56,sound_track_ja_056.mp3,免許証・パスポートのご提示ありがとうございました。,sound_track_en_056.mp3,Thank you for showing your international driving permit and passport.,4
57,sound_track_ja_057.mp3,利用期間を延長したい場合は、事前に店舗までご連絡ください。,sound_track_en_057.mp3,Please inform us in advance if you want to extend the contract period.,5
58,sound_track_ja_058.mp3,車両トラブルや事故発生時にはすぐに店舗に連絡をお願い致します。,sound_track_en_058.mp3,Please contact outlet immediately if you have any trouble or accident with the car.,5
59,sound_track_ja_059.mp3,営業時間外の場合は、お手数ですが事故受付センターへお電話ください。,sound_track_en_059.mp3,"Outside of business hours, please call an accident reception center.",5
60,sound_track_ja_060.mp3,関西空港店は午前8時から午後9時まで営業しています。,sound_track_en_060.mp3,Kansai Airport outlet run from eight a.m. to nine p.m. opening hours.,5
61,sound_track_ja_061.mp3,東京駅八重洲口店は24時間営業しています。,sound_track_en_061.mp3,Tokyo Station Yaesuguchi outlet is around-the clock service.,5
62,sound_track_ja_062.mp3,函館空港店は11月1日から3月31日までの間、午前8時から午後7時までの営業時間となります。,sound_track_en_062.mp3,"From November1st to March 31st, Hakodate Airport outlet run from eight a.m. to seven p.m.",5
63,sound_track_ja_063.mp3,土・日・祝日について、調布駅南口店は朝8時から夜10時まで営業しています。,sound_track_en_063.mp3,Chofu Station SouthExit outlet run from eight a.m. to ten p.m. on weekend and public holiday.,5
64,sound_track_ja_064.mp3,ETCシステムは、クレジットカード会社が発行するカードを使用し、高速道路料金を支払うものです。,sound_track_en_064.mp3,An ETC system is for paying toll by using card which credit card company issues. ,6
65,sound_track_ja_065.mp3,当社では幾つかの店舗を除き通常ETCカードのご提供は致しておりません。,sound_track_en_065.mp3,Our company does not offer rental service of ETC card except for some outlets.,6
66,sound_track_ja_066.mp3,ETCカードを機器に挿入していない場合、ETCレーンを利用することはできません。,sound_track_en_066.mp3,Vehicles not equipped with ETC equipment and card can't use the ETC lane.,6
67,sound_track_ja_067.mp3,もしETCレーンを利用した場合、事故につながる危険があります。,sound_track_en_067.mp3,You may cause accident if you use the ETC lane.,6
68,sound_track_ja_068.mp3,高速代はどのくらいかかりますか？,sound_track_en_068.mp3,How much the toll?,6
69,sound_track_ja_069.mp3,走行ルートによって変わります。,sound_track_en_069.mp3,It depends on the way you drive.,6
70,sound_track_ja_070.mp3,車にETCは搭載されていますか？,sound_track_en_070.mp3,Is there ETC equipped in the car?,6
71,sound_track_ja_071.mp3,ETC車載器は搭載されていますが、ETCカードはお客様ご自身でご用意ください。,sound_track_en_071.mp3,Only ETC device is equipped. Please prepare an ETC card by yourself.,6
72,sound_track_ja_072.mp3,ETCカードはどこで入手できますか？,sound_track_en_072.mp3,Where can I buy ETC card?,6
73,sound_track_ja_073.mp3,ETCカードを購入することはできません。,sound_track_en_073.mp3,You can't buy ETC card.,6
74,sound_track_ja_074.mp3,ETCカードを使わない場合、通行料金の支払い方法はどのようになりますか？,sound_track_en_074.mp3,How should I pay the toll without using ETC card?,6
75,sound_track_ja_075.mp3,現金もしくはクレジットカードで精算してください。,sound_track_en_075.mp3,Please pay the toll in cash or credit card.,6
76,sound_track_ja_076.mp3,ETC機器にご自身のクレジットカードを挿入しても機能しません。,sound_track_en_076.mp3,It would not work even you insert your own credit card into ETC equipment.,6
77,sound_track_ja_077.mp3,道路交通法により、法令で定められた一定の場所での駐車は禁止されています。,sound_track_en_077.mp3,The Road Traffic Act prohibits parking in certain areas.,7
78,sound_track_ja_078.mp3,黄色い縦長のステッカーは違法駐車の切符です。,sound_track_en_078.mp3,A yellow rectangular sticker is a ticket for illegal parking.,7
79,sound_track_ja_079.mp3,その違反切符の中ほどに、警察署名と電話番号が書かれています。,sound_track_en_079.mp3,"In the middle of the ticket, the police station's name and phone number are written.",7
80,sound_track_ja_080.mp3,違反金は車両返却までにお支払いいただき、支払いの証明書をご提示ください。,sound_track_en_080.mp3,You must pay the fine before your returning and show us certificate of payment.,7
81,sound_track_ja_081.mp3,指定の金融機関または郵便局で違反金をお支払いください。,sound_track_en_081.mp3,You can pay the fine at the designated financial institution or post office.,7
82,sound_track_ja_082.mp3,一部の都道府県ではコンビニエンスストアでも違反金の支払いが可能です。,sound_track_en_082.mp3,"In some prefectures, you can pay the fine at the convenience store.",7
83,sound_track_ja_083.mp3,違反金を納付せずに返却された場合は、違約金をお支払いいただきます。,sound_track_en_083.mp3,You must pay a penalty if you couldn't pay the fine before returning.,7
84,sound_track_ja_084.mp3,出発時、燃料は満タンですので満タンにしてご返却ください。,sound_track_en_084.mp3,"When you departure, the gas is full. Please fill up when you return the outlet. ",8
85,sound_track_ja_085.mp3,満タン給油ではなく、走行距離に応じて燃料代をお支払いいただくことも可能です。,sound_track_en_085.mp3,You also can pay fuel charge based on the distance driven instead of filling up.,8
86,sound_track_ja_086.mp3,走行距離換算の場合の燃料代は通常給油よりも料金が高くなります。,sound_track_en_086.mp3,The fuel charge based on the distance driven would be more expensive than a market price.,8
87,sound_track_ja_087.mp3,この車両では１キロあたり税抜き15円で燃料代を計算します。,sound_track_en_087.mp3,We calculate fuel charge for 15 yen without tax per one kilometer on this vehicle.,8
88,sound_track_ja_088.mp3,この車の油種はレギュラー／ハイオク／軽油です。,sound_track_en_088.mp3,The fuel type for this vehicle is regular/premium gasoline/light oil.,8
89,sound_track_ja_089.mp3,異なる油種の給油は大変危険ですので絶対にしないでください。車が動かなくなることがあります。,sound_track_en_089.mp3,"Filling wrong type of fuel is very dangerous. Your car mightn't move, if you did.",8
90,sound_track_ja_090.mp3,給油すべき油種はスタンドのノズルの色で判別できます。,sound_track_en_090.mp3,You can tell the kind of fuel by the color of nozzle.,8
91,sound_track_ja_091.mp3,赤はレギュラー、黄色はハイオク、緑は軽油です。,sound_track_en_091.mp3,"The red is regular, the yellow is premium gasoline and the green is light oil.",8
92,sound_track_ja_092.mp3,異なる燃料を入れて車両が故障した場合、修理費用をお支払いいただきます。,sound_track_en_092.mp3,"If you filled wrong fuel and the vehicle broke, you must pay a repair fee.",8
93,sound_track_ja_093.mp3,返却時の最寄スタンドの情報を差し上げますのでご覧ください。,sound_track_en_093.mp3,This is the information of nearest gas station when you return. Please read it.,8
94,sound_track_ja_094.mp3,無事故継続日数の更新にチャレンジしています。どうぞ安全運転でお願いします。,sound_track_en_094.mp3,"We're trying increase ""No accident continuation days"". Please drive safely.",9
95,sound_track_ja_095.mp3,オンライン予約の際、予約サイトが提供している補償制度に加入しましたか？,sound_track_en_095.mp3,Did you apply compensation system offered by reservation site when you reserve with online?,9
96,sound_track_ja_096.mp3,基本料金の中にはこれらの補償が含まれております。,sound_track_en_096.mp3,The basic fee include these coverage.,9
97,sound_track_ja_097.mp3,ですが車両・対物の免責額としてそれぞれ5万円ずつご負担が生じます。,sound_track_en_097.mp3,"But, it cost  50 thousand yen each as the deductible per a vehicle and property.",9
98,sound_track_ja_098.mp3,免責補償制度にご加入いただくと、免責額の支払いは免除されます。,sound_track_en_098.mp3,"If you purchase the collision damage waiver system, you don't have to pay the deductible.",9
99,sound_track_ja_099.mp3,ご加入はいかが致しましょうか？,sound_track_en_099.mp3,Would you like to apply it?,9
100,sound_track_ja_100.mp3,免責補償制度は非加入のため、事故発生時は免責額を必ずお支払いいただきます。,sound_track_en_100.mp3,"If you have accident, you must pay deductible because you don't apply CDW.",9
101,sound_track_ja_101.mp3,ただし、お客様は補償制度に加入しているため、予約したサイトに問い合わせていただければ返金されます。,sound_track_en_101.mp3,But you'll be reimbursed it from rental agency because you applied compensation system.,9
102,sound_track_ja_102.mp3,日産安心サポートプランへご加入いただくと対物上限が無制限となります。,sound_track_en_102.mp3,"If you applied NAS plan, the property insurance has become unlimited.",9
103,sound_track_ja_103.mp3,さらに搭乗者補償も上限3000万円から5000万円へ増額となります。,sound_track_en_103.mp3,Also maximum of personal injury protection is increasing from thirty million to fifty million.,9
104,sound_track_ja_104.mp3,トラブルが生じた際でも特定のケースのみ、最大2万円まで日産レンタカーが返金します。,sound_track_en_104.mp3,"If you're in trouble, we'll refund the charge up to 20 thousand yen on specific cases.",9
105,sound_track_ja_105.mp3,レッカー代の負担が必要になった際、最大10万円まで日産レンタカーが返金します。,sound_track_en_105.mp3,"When your car need to be towed, we'll refund the charge up to 100 thousand yen.",9
106,sound_track_ja_106.mp3,もしこれらのトラブルが発生したら一旦ご自身で費用を払っていただき、その後返金いたします。,sound_track_en_106.mp3,"If these troubles happen, please pay the charge yourself and we will reimburse you.",9
107,sound_track_ja_107.mp3,事前に店舗へご連絡をいただければ延長料金が1時間までは無料となります。,sound_track_en_107.mp3,"If you call the outlet in advance, excess charge will be free up to one-hour.",9
108,sound_track_ja_108.mp3,ＮＡＳは非加入のため、トラブル発生時の費用はすべてお客様にお支払いいただきます。,sound_track_en_108.mp3,You must pay all expenses in any troubles because you don't apply NAS plan.,9
109,sound_track_ja_109.mp3,ノン・オペレーション・チャージとは休業補償のことでございます。,sound_track_en_109.mp3,The NOC stands for Non Operation Charge. It means loss of usage.,10
110,sound_track_ja_110.mp3,修理している間は車両が使えませんので、お客様には休業補償をお支払いいただきます。,sound_track_en_110.mp3,You must pay NOC because we couldn't rent a car during repair.,10
111,sound_track_ja_111.mp3,自走で返却された場合は2万円をお支払いいただきます。,sound_track_en_111.mp3,You must pay twenty thousand yen if you can drive and return the car.,10
112,sound_track_ja_112.mp3,自走できない場合には5万円をお支払いいただきます。,sound_track_en_112.mp3,"In an accident, you must pay fifty thousand yen if the car is inoperable.",10
113,sound_track_ja_113.mp3,日本で運転したことはございますか？,sound_track_en_113.mp3,Have you ever drive a car in Japan?,10
114,sound_track_ja_114.mp3,日本の法律では、乗車される方は全てシートベルトの着用が義務付けられています。,sound_track_en_114.mp3,"In Japanese law, all passengers have to fasten their seatbelts.",10
115,sound_track_ja_115.mp3,日本では、車は左側通行です。,sound_track_en_115.mp3,"In Japan, cars are driven on the left side of the road.",10
116,sound_track_ja_116.mp3,また、緑の矢印が同時点灯している場合を除き赤信号での左折は禁止されています。,sound_track_en_116.mp3,"It's prohibited to turn left on red, except with green arrow.",10
117,sound_track_ja_117.mp3,それぞれの道路の制限速度に従い、安全運転をお願いします。,sound_track_en_117.mp3,Please observe the speed limit for each roads and drive safely.,10
118,sound_track_ja_118.mp3,速度取り締まりカメラが設置されている道路もありますのでご注意下さい。,sound_track_en_118.mp3,Please pay attention that some roads are equipped with speed camera.,10
119,sound_track_ja_119.mp3,飲酒運転は法律により厳しく禁止されております。違反をした場合は逮捕されることもございます。,sound_track_en_119.mp3,"Drunk driving is strictly prohibited by law. You may be arrested, if you violated.",10
120,sound_track_ja_120.mp3,運転中の携帯電話操作は違反です。,sound_track_en_120.mp3,It is the violation if you use mobile phone while driving.,10
121,sound_track_ja_121.mp3,もし事故を起こしたら直ぐに車を停めてください。,sound_track_en_121.mp3,"If you get in an accident, you must stop driving immediately.",11
122,sound_track_ja_122.mp3,けが人が出た場合にはけが人の救助を最初に行なってください。,sound_track_en_122.mp3,"If someone was injured in the accident, you must help them first.",11
123,sound_track_ja_123.mp3,警察と店舗へ連絡をしなくてはなりません。,sound_track_en_123.mp3,You have to call the police and the out let.,11
124,sound_track_ja_124.mp3,日本では警察は110で 救急車は119です。,sound_track_en_124.mp3,"In Japan, dial 110 for the police and 119 for an ambulance.",11
125,sound_track_ja_125.mp3,もしけが人がいる場合は警察、救急車を呼んでください。,sound_track_en_125.mp3,You must call the police and ambulance if anyone is injured.,11
126,sound_track_ja_126.mp3,事故発生時は事故の詳細をこのフォームに記入してください。,sound_track_en_126.mp3,Please fill out the accident condition in this form when the accident happens.,11
127,sound_track_ja_127.mp3,警察に連絡をしなかった場合、保険も免責補償も適用されません。,sound_track_en_127.mp3,"If you didn't report to the police, neither insurance or CDW may not be provided.",11
128,sound_track_ja_128.mp3,何らかのトラブルが発生した場合は、出発店舗へご連絡をお願いします。,sound_track_en_128.mp3,"If any troubles are happens, please contact the departure outlet.",11
129,sound_track_ja_129.mp3,何らかのトラブルが発生した場合は、こちらの連絡先へお電話ください。,sound_track_en_129.mp3,"If any troubles are happens, please call this number.",11
130,sound_track_ja_130.mp3,自損事故の場合でも、必ず警察への届出と店舗への連絡を行なってください。,sound_track_en_130.mp3,"If you have one-car accident, you need to call police and our outlet.",11
131,sound_track_ja_131.mp3,自走不可能な事故を起こしてしまった場合、その時点で契約は終了します。,sound_track_en_131.mp3,"If the vehicle couldn't run by itself due to accident, the contract finished at that time.",11
132,sound_track_ja_132.mp3,事故後に再度車を借りるためには新規契約が必要です。,sound_track_en_132.mp3,"If you want to rent again after the accident, please make a new contract.",11
133,sound_track_ja_133.mp3,この書類は重要事項の説明資料ですので、出発前に読んでください。,sound_track_en_133.mp3,"Before departure, please read this document explain key points.",12
134,sound_track_ja_134.mp3,このようなキズを付けてしまった場合、ＮＯＣをいただくことがあります。,sound_track_en_134.mp3,You might pay loss of use when you get scratch or dent such as pictures.,12
135,sound_track_ja_135.mp3,外国人のお客様による事故はこのような事例が多いですのでご注意ください。,sound_track_en_135.mp3,Such accidents are common for among visitors from abroad.,12
136,sound_track_ja_136.mp3,何かご質問はございますか？,sound_track_en_136.mp3,Do you have any questions?,12
137,sound_track_ja_137.mp3,AGREEMENTにはレンタカー利用時の重要な注意点が書かれています。,sound_track_en_137.mp3,This AGREEEMENT has important information.Please read.,12
138,sound_track_ja_138.mp3,こちらをよくお読みいただき、各内容に同意いただきましたらチェックを入れてください。,sound_track_en_138.mp3,Please read it carefully and tick in the box if you agree with each contents.,12
139,sound_track_ja_139.mp3,このフォームは、レンタカーご利用中にお客様と店舗との間で確実に連絡を取れるようにするためのものです。,sound_track_en_139.mp3,This form is for getting contact information of the customer during renting.,12
140,sound_track_ja_140.mp3,こちらのシートに宿泊先の連絡先を記入してください。,sound_track_en_140.mp3,Please write your contact information of accommodation in this sheet.,12
141,sound_track_ja_141.mp3,お会計はこちらでございます。（電卓に金額を表示して提示）,sound_track_en_141.mp3,This is your bill.,12
142,sound_track_ja_142.mp3,"お会計は30,855円でございます。",sound_track_en_142.mp3,Your bill is thirty thousand and eight hundred and fifty five yen.,12
143,sound_track_ja_143.mp3,料金はいつ支払えばいいですか？,sound_track_en_143.mp3,When do I pay the charge?,12
144,sound_track_ja_144.mp3,原則として、料金は出発時にお支払いください。,sound_track_en_144.mp3,"As a rule, please pay it at the time of departure.",12
145,sound_track_ja_145.mp3,お支払い方法は現金、クレジットカードのどちらになさいますか？,sound_track_en_145.mp3,"How would you like to pay, cash or credit card?",12
146,sound_track_ja_146.mp3,事前にクレジットカードの登録のみ行ないます。,sound_track_en_146.mp3,We are going to only register your credit card in advance.,13
147,sound_track_ja_147.mp3,契約時の期間を超えてレンタカーを利用されますと合計金額が変わる可能性がございます。,sound_track_en_147.mp3,"If you extend the period, your bill might be changed.",13
148,sound_track_ja_148.mp3,ご返却時に料金が確定いたしますのでその際にカード決済をさせていただきます。,sound_track_en_148.mp3,You'll pay the total amount of the bill when you return the car.,13
149,sound_track_ja_149.mp3,出発時に一括で決済をさせていただきます。,sound_track_en_149.mp3,We accept payment with non-installment at departure.,13
150,sound_track_ja_150.mp3,もし追加料金が生じた場合は、返却時にその料金をお支払いいただきます。,sound_track_en_150.mp3,"When extra charge occurs, please pay it at return.",13
151,sound_track_ja_151.mp3,予定よりも遅く返却したら、どのくらいの金額がかかりますか？,sound_track_en_151.mp3,"If I return the car later than original period, how much should I pay?",13
152,sound_track_ja_152.mp3,車種ごとに金額が異なりますが、1時間ごとに延長料金が発生します。,sound_track_en_152.mp3,An extension charge will occur per 1 hour and change depends on type of vehicle.,13
153,sound_track_ja_153.mp3,決済金額をご確認いただき、クレジット伝票にサインをお願いします。,sound_track_en_153.mp3,Please check the settlement amount and sign in credit slip.,13
154,sound_track_ja_154.mp3,こちらがおつり（領収証）です。,sound_track_en_154.mp3,Here is your change(receipt).,13
155,sound_track_ja_155.mp3,これは預かり証です。あなたから現金を受け取ったという意味です。,sound_track_en_155.mp3,This is a deposit receipt. It's mean that we received the charge from you.,13
156,sound_track_ja_156.mp3,レンタカー代金はすでにお支払い済みですので、店頭では領収証を発行いたしません。,sound_track_en_156.mp3,We don't give a receipt because you have already paid rental fee.,13
157,sound_track_ja_157.mp3,こちらは借受確認書です。こちらを使いながら車両の外装確認をお願いします。,sound_track_en_157.mp3,It's sign sheet for rental contract. Please check the exterior of vehicle with using it.,13
158,sound_track_ja_158.mp3,まずは、こちらの空欄にご住所と電話番号のみをご記入ください。,sound_track_en_158.mp3,"At first, could you write your address and phone number only in this blank?",13
159,sound_track_ja_159.mp3,この部分にはどの住所を書けばいいですか？,sound_track_en_159.mp3,Which address should I write down here?,13
160,sound_track_ja_160.mp3,自国の住所を記入してください。,sound_track_en_160.mp3,Please write down your address in your country.,13
161,sound_track_ja_161.mp3,車両へ案内いたしますのでこちらへお願いします。,sound_track_en_161.mp3,Please follow this way and check the vehicle with us.,13
162,sound_track_ja_162.mp3,別のスタッフが車両まで案内します。彼（彼女）について行ってください。,sound_track_en_162.mp3,Other staff lead you to the vehicle. Please follow him(her).,13
163,sound_track_ja_163.mp3,出発前に車両の外装確認を店舗スタッフと共にお願いいたします。,sound_track_en_163.mp3,"Before you departure, please check the exterior of the vehicle with us.",14
164,sound_track_ja_164.mp3,借受時の注意事項に同意の上、こちらに名前の記入をお願い致します。,sound_track_en_164.mp3,"If you agree to important matters of renting a car, please write your name here.",14
165,sound_track_ja_165.mp3,目的地を設定する時は必ずサイドブレーキをかけてください。,sound_track_en_165.mp3,Please be sure to pull a hand brake when you set a destination. ,14
166,sound_track_ja_166.mp3,ナビの使い方についてはこちらの用紙をご覧ください。,sound_track_en_166.mp3,Please refer to this paper how to use GPS.,14
167,sound_track_ja_167.mp3,ここにETC機器が取り付けられています。,sound_track_en_167.mp3,The ETC device is equipped at this position.,14
168,sound_track_ja_168.mp3,ETCカードの挿入方向にご注意ください。,sound_track_en_168.mp3,Please check the proper way to insert your ETC card into the ETC device.,14
169,sound_track_ja_169.mp3,運転席シートは下のバーを持ち上げる、または右側についているスイッチをスライドしてください。,sound_track_en_169.mp3,The seat can be moved. Please lift under bar or slide the right side button.,14
170,sound_track_ja_170.mp3,サイドミラーの角度を変える際は、つまみを切り替えてボタンを押してください。,sound_track_en_170.mp3,"When you change angle of side mirror, please slide the knob and push the button.",14
171,sound_track_ja_171.mp3,アイドリングストップ機能は燃料を節約する為に自動的にエンジンを切るものです。,sound_track_en_171.mp3,The idling stop system is saving the fuel by stopping the engine automatically.,14
172,sound_track_ja_172.mp3,運転者がブレーキを離したり、ハンドルを操作した際、自動的にエンジンが再スタートします。,sound_track_en_172.mp3,It restarts the engine automatically when the driver release the brake or turn the steering wheel.,14
173,sound_track_ja_173.mp3,もし、アイドリングストップ機能を止めたいときは、このスイッチを押してください。,sound_track_en_173.mp3,"If you want to inactivate the idling stop function, push down this switch.",14
174,sound_track_ja_174.mp3,この車の給油口は右（左）に付いています。,sound_track_en_174.mp3,The fuel cap of this vehicle is on right (left) side.,15
175,sound_track_ja_175.mp3,ドアロックを解除する時はキーの解除スイッチを押してください。,sound_track_en_175.mp3,"For unlocking the car, press the switch for unlock on the key.",15
176,sound_track_ja_176.mp3,キーを持ってドアノブの近くにあるスイッチを押すと車の施錠ができます。,sound_track_en_176.mp3,You can unlock the car by pushing the switch nearby the doorknob while having key.,15
177,sound_track_ja_177.mp3,エンジンを始動する時はブレーキを踏みながらイグニッションキーを回してください。,sound_track_en_177.mp3,"Upon starting the engine, please step on the brake pedal and twist the ignition switch.",15
178,sound_track_ja_178.mp3,エンジンを始動または止める時はブレーキを踏みながらスターターを押してください。,sound_track_en_178.mp3,"To start and stop the engine, please step on the brake pedal and press starter.",15
179,sound_track_ja_179.mp3,ラフェスタ、セレナ、エルグランドは自動スライドドアの機能が後部座席に付いています。,sound_track_en_179.mp3,"LAFESTA,SERENA and ELGRAND are equipped with the automatic sliding door system at rear seats.",15
180,sound_track_ja_180.mp3,スライドドアを開ける時は、ドアノブを引くか運転席にあるスイッチを長押ししてください。,sound_track_en_180.mp3,"To open the sliding door, pull doorknob or hold down the switch at driver's seat.",15
181,sound_track_ja_181.mp3,エマージェンシーブレーキとは前方の車両や歩行者との衝突回避操作を支援する機能です。,sound_track_en_181.mp3,Emergency braking system can assist drivers in avoiding collisions with vehicles and pedestrians.,15
182,sound_track_ja_182.mp3,ただ、あらゆる状況で作動するわけではありませんので、安全運転を常に心がけてください。,sound_track_en_182.mp3,But it may not work in certain circumstances. Please drive safely.,15
183,sound_track_ja_183.mp3,車線逸脱警報機能が走行車線から逸脱を検知した場合、音で運転者に警告します。,sound_track_en_183.mp3,"The Lane Departure Warning system detect straying from driving lane, alert to drivers with sound.",15
184,sound_track_ja_184.mp3,この音は警告音です。故障ではありません。安全運転でお願いします。,sound_track_en_184.mp3,This sound is a warning.No car trouble.Please drive safely.,15
185,sound_track_ja_185.mp3,パーキングブレーキのかけ方を説明します。,sound_track_en_185.mp3,I'll explain how to put on the parking brake.,16
186,sound_track_ja_186.mp3,右足でブレーキペダルを踏みながら左足でパーキングブレーキを踏んでください。,sound_track_en_186.mp3,"To set a parking brake, step on brake with right foot,parking brake with left foot.",16
187,sound_track_ja_187.mp3,パーキングブレーキの解除方法を説明します。,sound_track_en_187.mp3,I'll explain how to release the parking brake.,16
188,sound_track_ja_188.mp3,パーキングブレーキがカチッと鳴ったら、ゆっくりと左足をどけてください。,sound_track_en_188.mp3,"When you hear the parking pedal clicking, leave your left foot slowly.",16
189,sound_track_ja_189.mp3,ブレーキペダルを踏みながらレバーをいっぱいまで引き上げてください。,sound_track_en_189.mp3,Pull the lever to the fullest while stepping the brake pedal.,16
190,sound_track_ja_190.mp3,ブレーキペダルを踏みながらレバーに付いているボタンを押しながら下げてください。,sound_track_en_190.mp3,Pull down the lever with pushing the button on it while stepping the brake pedal.,16
191,sound_track_ja_191.mp3,警告灯の意味についてはこちらの資料をお読みください。,sound_track_en_191.mp3,Please read this document about meaning of warning light.,16
192,sound_track_ja_192.mp3,事故発生時にシートベルトを締めていない場合、死傷率が増加します。,sound_track_en_192.mp3,"When the accident happens, the casualty rate will increase if you don't fasten your seatbelt.",16
193,sound_track_ja_193.mp3,皆さんシートベルトを必ず締めて、安全運転で走行してください。,sound_track_en_193.mp3,Fasten your seatbelt for all passengers and drive safety.,16
194,sound_track_ja_194.mp3,いってらっしゃいませ。,sound_track_en_194.mp3,Have a nice day! ,16
195,sound_track_ja_195.mp3,ご利用ありがとうございました。,sound_track_en_195.mp3,Thank you so much for renting.,17
196,sound_track_ja_196.mp3,燃料は満タンにしていただけましたでしょうか？,sound_track_en_196.mp3,Have you filled up the fuel? ,17
197,sound_track_ja_197.mp3,車両の状態確認と車内に忘れ物がないかどうか確認を致します。,sound_track_en_197.mp3,"Now, let me check scratches on the car and anything left behind.",17
198,sound_track_ja_198.mp3,忘れ物が無いよう十分に気をつけてください。,sound_track_en_198.mp3,Please make sure not to forget anything.,17
199,sound_track_ja_199.mp3,ETCカードを回収させていただきます。,sound_track_en_199.mp3,Please return the ETC card.,17
200,sound_track_ja_200.mp3,店内までお願いいたします。,sound_track_en_200.mp3,Could you come in the outlet?,17
201,sound_track_ja_201.mp3,このクレジットカードでの精算ができません。他のクレジットカードはお持ちですか？,sound_track_en_201.mp3,We can't make payment with this credit card. Do you have another one?,17
202,sound_track_ja_202.mp3,恐れ入りますが、再度クレジットカードのご提示をお願いいたします。,sound_track_en_202.mp3,Could you show me your credit card again?,17
203,sound_track_ja_203.mp3,一括で決済をさせていただきます。,sound_track_en_203.mp3,We accept payment with non-installment.,17
204,sound_track_ja_204.mp3,満タン返却ではありませんので走行距離に応じた燃料代をお支払いいただきます。,sound_track_en_204.mp3,"Because you didn't fill up, please pay fuel charge based on the distance driven.",17
205,sound_track_ja_205.mp3,利用期間延長のため延長料金のお支払いをお願い致します。,sound_track_en_205.mp3,"Because of extending period, you have to pay extra charge.",17
206,sound_track_ja_206.mp3,当初の契約期間よりも早く返却されたので返金があります。確認後にサインをお願い致します。,sound_track_en_206.mp3,"You returned earlier than original period, so we refund the fee. Please sign after checking.",17
207,sound_track_ja_207.mp3,立て替えていただいた金額を返金いたしますので、レシートの提示をお願いいたします。,sound_track_en_207.mp3,We will reimbursed the charges which you have paid. Please show a receipts.,17
208,sound_track_ja_208.mp3,ご利用中、駐車違反の確認標章が取り付けられましたか？,sound_track_en_208.mp3,Was the illegal parking ticket placed on the vehicle during the renting period?,18
209,sound_track_ja_209.mp3,返却前に反則金を支払いましたか？,sound_track_en_209.mp3,Did you pay the fine before returning?,18
210,sound_track_ja_210.mp3,交通反則告知書と領収日付のある納付書・領収証書を提示してください。,sound_track_en_210.mp3,Please show traffic violation notification and payment notice and receipt with date of receipt.,18
211,sound_track_ja_211.mp3,反則金が未納のため、店舗で違約金をお支払いください。,sound_track_en_211.mp3,Please pay the illegal parking penalty because you didn't pay the fine.,18
212,sound_track_ja_212.mp3,こちらに返却確認のサインをお願い致します。,sound_track_en_212.mp3,Could you sign here as confirmation of returning?,18
213,sound_track_ja_213.mp3,以上で手続きは終了です。,sound_track_en_213.mp3,That's all for rental procedure.,18
214,sound_track_ja_214.mp3,ありがとうございました。,sound_track_en_214.mp3,Thank you very much. ,18
215,sound_track_ja_215.mp3,またのご利用お待ちしております。,sound_track_en_215.mp3,We are looking forward to serving you again.,18
216,sound_track_ja_216.mp3,空港までは約10分かかります。送迎バスの到着まで5分お待ちください。,sound_track_en_216.mp3,It takes about 10 minutes to airport. Please wait 5 minutes until shuttle bus come.,18
217,sound_track_ja_217.mp3,こちらの店舗から最寄駅まで徒歩で約5分かかります。,sound_track_en_217.mp3,It takes about 5 minutes by walk from this outlet to nearest station.,18
218,sound_track_ja_218.mp3,レンタカーで空港／駅／ホテルまでお送りいたします。,sound_track_en_218.mp3,We'll send you to airport/station/hotel by rent-a-car.,18
219,sound_track_ja_219.mp3,申し訳ありませんが、空港／駅／ホテルへの送迎は行なっておりません。,sound_track_en_219.mp3,We're sorry. We don't offer sending service to airport/station/hotel.,18
220,sound_track_ja_220.mp3,こちらにキズがあります。借り受け中に事故は発生しましたか？,sound_track_en_220.mp3,There is a scratch on this vehicle. Did any accident was happened during your renting?,19
221,sound_track_ja_221.mp3,怪我はありますか？,sound_track_en_221.mp3,Do you have any injuries?,19
222,sound_track_ja_222.mp3,事故の箇所はどこですか？,sound_track_en_222.mp3,Where are the damaged areas?,19
223,sound_track_ja_223.mp3,事故に巻き込まれた人はいますか？,sound_track_en_223.mp3,Was anyone involved in this accident?,19
224,sound_track_ja_224.mp3,何にぶつかりましたか？,sound_track_en_224.mp3,What did you hit?,19
225,sound_track_ja_225.mp3,もしも事故が起こったらを記入してください。,sound_track_en_225.mp3,"Please fill in the ""What to Do After an Accident"".",19
226,sound_track_ja_226.mp3,今回、お客様は事故を起こされたため、休業補償として、2万円お支払いただきます。,sound_track_en_226.mp3,"You must pay 20,000 yen as NOC, because we need to repair the car.",19
227,sound_track_ja_227.mp3,車両が自走不可能なため、休業補償として、5万円お支払いただきます。,sound_track_en_227.mp3,"You must pay 50,000 yen as NOC, because the car is not operable.",19
228,sound_track_ja_228.mp3,ＮＯＣサポートプランにご加入されていましたので、ＮＯＣをお支払いいただく必要はありません。,sound_track_en_228.mp3,You don't need to pay NOC because you purchased NOC support plan.,19
229,sound_track_ja_229.mp3,免責補償制度に非加入でしたので、免責代をお支払いいただきます。,sound_track_en_229.mp3,You must pay the deductible because you didn't purchase the collision damage waiver.,19
230,sound_track_ja_230.mp3,出発時、免責補償制度に加入していたため、免責額を支払う必要はございません。,sound_track_en_230.mp3,You don't need to pay deductible because you have applied collision damage waiver at departure.,19
231,sound_track_ja_231.mp3,私は英語が話せません。英語を話す人に代わります。少々お待ち下さい。,sound_track_en_231.mp3,I don't speak English. An English-speaker will take care of you. Please on the line.,20
232,sound_track_ja_232.mp3,英語を話す人からかけなおします。,sound_track_en_232.mp3,An English-speaker will call you back.,20
233,sound_track_ja_233.mp3,通訳につなぎますのでお待ちください。,sound_track_en_233.mp3,I will connect you to a translator. Please wait.,20
234,sound_track_ja_234.mp3,電話番号を教えてください。,sound_track_en_234.mp3,May I have your telephone number?,20
235,sound_track_ja_235.mp3,電話を日本人に代わっていただけますか？,sound_track_en_235.mp3,Could you pass the phone to Japanese?,20
236,sound_track_ja_236.mp3,私は英語を（少し）話せます。ゆっくりと話してください。,sound_track_en_236.mp3,I can speak English (a little). Please speak slowly.,20
237,sound_track_ja_237.mp3,幾つか質問をしますので、はいかいいえで答えてください。,sound_track_en_237.mp3,"I will ask you some questions, please answer YES or NO.",20
238,sound_track_ja_238.mp3,名前と車両ナンバーもしくは車種を教えてください。,sound_track_en_238.mp3,May I have your name and what is your license plate or type of car?,20
239,sound_track_ja_239.mp3,けが人はいますか？もしそうであれば、119番への電話はしましたか？,sound_track_en_239.mp3,"Was anyone injured? If yes, did you call 119?",20
240,sound_track_ja_240.mp3,事故ですか？また、110番への電話はしましたか？,sound_track_en_240.mp3,Did you have an accident and call 110?,20
241,sound_track_ja_241.mp3,119（110）番へ電話していないのであれば、すぐに連絡を入れてください。,sound_track_en_241.mp3,"If you didn't call 119(110), please call now.",20
242,sound_track_ja_242.mp3,警察が来るまで、安全な場所でお待ちください。,sound_track_en_242.mp3,Please wait at safe place until the police come.,20
243,sound_track_ja_243.mp3,その場で示談はしないでください。,sound_track_en_243.mp3,Please do not settle privately.,20
244,sound_track_ja_244.mp3,車は自走することができますか？,sound_track_en_244.mp3,Is the car operable?,21
245,sound_track_ja_245.mp3,安全運転で店舗までお帰りください。,sound_track_en_245.mp3,Please drive carefully and return to the outlet.,21
246,sound_track_ja_246.mp3,申し訳ありませんが代替車はご用意できません。,sound_track_en_246.mp3,"We're very sorry, but we can't offer alternative car for you.",21
247,sound_track_ja_247.mp3,現場からの移動は、公共交通機関やタクシーをご利用ください。,sound_track_en_247.mp3,Please use public transport or taxi from the scene.,21
248,sound_track_ja_248.mp3,レッカーの手配を警察にお願いしてください,sound_track_en_248.mp3,Please ask the police to arrange towing.,21
249,sound_track_ja_249.mp3,修理工場に着いたらその場の日本人から店舗に電話してもらってください。,sound_track_en_249.mp3,"When you get to a repair shop, please have Japanese person call to the outlet.",21
250,sound_track_ja_250.mp3,返却時に事故報告書を記入いただきますので、返却予定の日時を教えてください。,sound_track_en_250.mp3,Please tell date and time you'll return to outlet because you must write accident report.,21
251,sound_track_ja_251.mp3,記入には約30分ほど時間がかかりますので、あらかじめご注意ください。,sound_track_en_251.mp3,It takes about thirty minutes to write accident report. Please understand.,21
252,sound_track_ja_252.mp3,ご加入いただいたプランによってはご負担金が生じる場合もございます。,sound_track_en_252.mp3,"Depending on your plan, you may need to pay some charge when you return.",21
